"काण्डः (आर्षेयपाठः)","विषयः (आर्षेयपाठः)","अनुवाकः (आर्षेयपाठः)","भागः (सारस्वतः)","काण्डः (सारस्वतः)","प्रश्नः (सारस्वतः)","अनुवाकः (सारस्वतः)",""
"1","1","1","1","1","1","1","पौरोडाशिकम्"
"1","1","2","1","1","1","2","पौरोडाशिकम्"
"1","1","3","1","1","1","3","पौरोडाशिकम्"
"1","1","4","1","1","1","4","पौरोडाशिकम्"
"1","1","5","1","1","1","5","पौरोडाशिकम्"
"1","1","6","1","1","1","6","पौरोडाशिकम्"
"1","1","7","1","1","1","7","पौरोडाशिकम्"
"1","1","8","1","1","1","8","पौरोडाशिकम्"
"1","1","9","1","1","1","9","पौरोडाशिकम्"
"1","1","10","1","1","1","10","पौरोडाशिकम्"
"1","1","11","1","1","1","11","पौरोडाशिकम्"
"1","1","12","1","1","1","12","पौरोडाशिकम्"
"1","1","13","1","1","1","13","पौरोडाशिकम्"
"1","2","1","2","3","2","1","पौरोडाशिक-ब्राह्मणम्"
"1","2","2","2","3","2","2","पौरोडाशिक-ब्राह्मणम्"
"1","2","3","2","3","2","3","पौरोडाशिक-ब्राह्मणम्"
"1","2","4","2","3","2","4","पौरोडाशिक-ब्राह्मणम्"
"1","2","5","2","3","2","5","पौरोडाशिक-ब्राह्मणम्"
"1","2","6","2","3","2","6","पौरोडाशिक-ब्राह्मणम्"
"1","2","7","2","3","2","7","पौरोडाशिक-ब्राह्मणम्"
"1","2","8","2","3","2","8","पौरोडाशिक-ब्राह्मणम्"
"1","2","9","2","3","2","9","पौरोडाशिक-ब्राह्मणम्"
"1","2","10","2","3","2","10","पौरोडाशिक-ब्राह्मणम्"
"1","2","11","2","3","3","1","पौरोडाशिक-ब्राह्मणम्"
"1","2","12","2","3","3","2","पौरोडाशिक-ब्राह्मणम्"
"1","2","13","2","3","3","3","पौरोडाशिक-ब्राह्मणम्"
"1","2","14","2","3","3","4","पौरोडाशिक-ब्राह्मणम्"
"1","2","15","2","3","3","5","पौरोडाशिक-ब्राह्मणम्"
"1","2","16","2","3","3","6","पौरोडाशिक-ब्राह्मणम्"
"1","2","17","2","3","3","7","पौरोडाशिक-ब्राह्मणम्"
"1","2","18","2","3","3","8","पौरोडाशिक-ब्राह्मणम्"
"1","2","19","2","3","3","9","पौरोडाशिक-ब्राह्मणम्"
"1","2","20","2","3","3","10","पौरोडाशिक-ब्राह्मणम्"
"1","2","21","2","3","3","11","पौरोडाशिक-ब्राह्मणम्"
"1","2","22","1","2","5","1","पौरोडाशिक-ब्राह्मणम्"
"1","2","23","1","2","5","2","पौरोडाशिक-ब्राह्मणम्"
"1","2","24","1","2","5","3","पौरोडाशिक-ब्राह्मणम्"
"1","2","25","1","2","5","4","पौरोडाशिक-ब्राह्मणम्"
"1","2","26","1","2","5","5","पौरोडाशिक-ब्राह्मणम्"
"1","2","27","1","2","5","6","पौरोडाशिक-ब्राह्मणम्"
"1","2","28","1","2","6","1","पौरोडाशिक-ब्राह्मणम्"
"1","2","29","1","2","6","2","पौरोडाशिक-ब्राह्मणम्"
"1","2","30","1","2","6","3","पौरोडाशिक-ब्राह्मणम्"
"1","2","31","1","2","6","4","पौरोडाशिक-ब्राह्मणम्"
"1","2","32","1","2","6","5","पौरोडाशिक-ब्राह्मणम्"
"1","2","33","1","2","6","6","पौरोडाशिक-ब्राह्मणम्"
"1","2","34","1","2","5","11","पौरोडाशिक-ब्राह्मणम्"
"1","2","35","2","1","3","10","पौरोडाशिक-ब्राह्मणम्"
"1","3","1","1","1","5","10","याजमानम्"
"1","3","2","1","1","6","1","याजमानम्"
"1","3","3","1","1","6","2","याजमानम्"
"1","3","4","1","1","6","3","याजमानम्"
"1","3","5","1","1","6","4","याजमानम्"
"1","3","6","1","1","6","5","याजमानम्"
"1","3","7","1","1","6","6","याजमानम्"
"1","4","1","1","1","6","7","याजमान-ब्राह्मणम्"
"1","4","2","1","1","6","8","याजमान-ब्राह्मणम्"
"1","4","3","1","1","6","9","याजमान-ब्राह्मणम्"
"1","4","4","1","1","6","10","याजमान-ब्राह्मणम्"
"1","4","5","1","1","6","11","याजमान-ब्राह्मणम्"
"1","4","6","1","1","7","1","याजमान-ब्राह्मणम्"
"1","4","7","1","1","7","3","याजमान-ब्राह्मणम्"
"1","4","8","1","1","7","4","याजमान-ब्राह्मणम्"
"1","4","9","1","1","7","5","याजमान-ब्राह्मणम्"
"1","4","10","1","1","7","6","याजमान-ब्राह्मणम्"
"1","5","1","3","3","1","0","होतारः"
"1","5","2","3","3","2","0","होतारः"
"1","5","3","3","3","3","0","होतारः"
"1","5","4","3","3","4","0","होतारः"
"1","5","5","3","3","5","0","होतारः"
"1","5","6","3","3","6","0","होतारः"
"1","5","7","3","3","7","0","होतारः"
"1","5","8","3","3","8","0","होतारः"
"1","5","9","3","3","9","0","होतारः"
"1","5","10","3","3","10","0","होतारः"
"1","5","11","3","3","11","0","होतारः"
"1","5","12","3","3","12","0","होतारः"
"1","5","13","3","3","13","0","होतारः"
"1","6","1","2","2","2","1","होतृ-ब्राह्मणम्"
"1","6","2","2","2","2","2","होतृ-ब्राह्मणम्"
"1","6","3","2","2","2","3","होतृ-ब्राह्मणम्"
"1","6","4","2","2","2","4","होतृ-ब्राह्मणम्"
"1","6","5","2","2","2","5","होतृ-ब्राह्मणम्"
"1","6","6","2","2","2","6","होतृ-ब्राह्मणम्"
"1","6","7","2","2","2","7","होतृ-ब्राह्मणम्"
"1","6","8","2","2","2","8","होतृ-ब्राह्मणम्"
"1","6","9","2","2","2","9","होतृ-ब्राह्मणम्"
"1","6","10","2","2","2","10","होतृ-ब्राह्मणम्"
"1","6","11","2","2","2","11","होतृ-ब्राह्मणम्"
"1","6","12","2","2","3","1","होतृ-ब्राह्मणम्"
"1","6","13","2","2","3","2","होतृ-ब्राह्मणम्"
"1","6","14","2","2","3","3","होतृ-ब्राह्मणम्"
"1","6","15","2","2","3","4","होतृ-ब्राह्मणम्"
"1","6","16","2","2","3","5","होतृ-ब्राह्मणम्"
"1","6","17","2","2","3","6","होतृ-ब्राह्मणम्"
"1","6","18","2","2","3","7","होतृ-ब्राह्मणम्"
"1","6","19","2","2","3","8","होतृ-ब्राह्मणम्"
"1","6","20","2","2","3","9","होतृ-ब्राह्मणम्"
"1","6","21","2","2","3","10","होतृ-ब्राह्मणम्"
"1","6","22","2","2","3","11","होतृ-ब्राह्मणम्"
"1","7","1","2","3","5","1","हौत्रम्"
"1","7","2","2","3","5","2","हौत्रम्"
"1","7","3","2","3","5","3","हौत्रम्"
"1","7","4","2","3","5","4","हौत्रम्"
"1","7","5","2","3","5","5","हौत्रम्"
"1","7","6","2","3","5","6","हौत्रम्"
"1","7","7","2","3","5","7","हौत्रम्"
"1","7","8","2","3","5","8","हौत्रम्"
"1","7","9","2","3","5","9","हौत्रम्"
"1","7","10","2","3","5","10","हौत्रम्"
"1","7","11","2","3","5","11","हौत्रम्"
"1","7","12","2","3","5","12","हौत्रम्"
"1","7","13","2","3","5","13","हौत्रम्"
"1","8","1","1","2","5","7","हौत्र-ब्राह्मणम्"
"1","8","2","1","2","5","8","हौत्र-ब्राह्मणम्"
"1","8","3","1","2","5","9","हौत्र-ब्राह्मणम्"
"1","8","4","1","2","5","10","हौत्र-ब्राह्मणम्"
"1","8","5","1","2","5","11","हौत्र-ब्राह्मणम्"
"1","8","6","1","2","6","7","हौत्र-ब्राह्मणम्"
"1","8","7","1","2","6","8","हौत्र-ब्राह्मणम्"
"1","8","8","1","2","6","9","हौत्र-ब्राह्मणम्"
"1","8","9","1","2","6","10","हौत्र-ब्राह्मणम्"
"1","8","10","1","1","7","2","हौत्र-ब्राह्मणम्"
"1","9","1","3","4","1","0","पितृमेधः"
"1","9","2","3","4","2","0","पितृमेधः"
"1","9","3","3","4","3","0","पितृमेधः"
"1","9","4","3","4","4","0","पितृमेधः"
"1","9","5","3","4","5","0","पितृमेधः"
"1","9","6","3","4","6","0","पितृमेधः"
"1","9","7","3","4","7","0","पितृमेधः"
"1","9","8","3","4","8","0","पितृमेधः"
"1","9","9","3","4","9","0","पितृमेधः"
"1","9","10","3","4","10","0","पितृमेधः"
"1","9","11","3","4","11","0","पितृमेधः"
"1","9","12","3","4","12","0","पितृमेधः"
"2","1","1","1","1","2","1","आध्वर्यवम्"
"2","1","2","1","1","2","2","आध्वर्यवम्"
"2","1","3","1","1","2","3","आध्वर्यवम्"
"2","1","4","1","1","2","4","आध्वर्यवम्"
"2","1","5","1","1","2","5","आध्वर्यवम्"
"2","1","6","1","1","2","6","आध्वर्यवम्"
"2","1","7","1","1","2","7","आध्वर्यवम्"
"2","1","8","1","1","2","8","आध्वर्यवम्"
"2","1","9","1","1","2","9","आध्वर्यवम्"
"2","1","10","1","1","2","10","आध्वर्यवम्"
"2","1","11","1","1","2","11","आध्वर्यवम्"
"2","1","12","1","1","2","12","आध्वर्यवम्"
"2","1","13","1","1","2","13","आध्वर्यवम्"
"2","1","14","1","1","3","1","आध्वर्यवम्"
"2","1","15","1","1","3","2","आध्वर्यवम्"
"2","1","16","1","1","3","3","आध्वर्यवम्"
"2","1","17","1","1","3","4","आध्वर्यवम्"
"2","1","18","1","1","3","5","आध्वर्यवम्"
"2","1","19","1","1","3","6","आध्वर्यवम्"
"2","1","20","1","1","3","7","आध्वर्यवम्"
"2","1","21","1","1","3","8","आध्वर्यवम्"
"2","1","22","1","1","3","9","आध्वर्यवम्"
"2","1","23","1","1","3","10","आध्वर्यवम्"
"2","1","24","1","1","3","11","आध्वर्यवम्"
"2","1","25","1","1","3","12","आध्वर्यवम्"
"2","1","26","1","1","3","13","आध्वर्यवम्"
"2","1","27","2","1","4","8","आध्वर्यवम्"
"2","1","28","2","1","1","1","आध्वर्यवम्"
"2","2","1","1","6","1","1","आध्वर्यव-ब्राह्मणम्"
"2","2","2","1","6","1","2","आध्वर्यव-ब्राह्मणम्"
"2","2","3","1","6","1","3","आध्वर्यव-ब्राह्मणम्"
"2","2","4","1","6","1","4","आध्वर्यव-ब्राह्मणम्"
"2","2","5","1","6","1","5","आध्वर्यव-ब्राह्मणम्"
"2","2","6","1","6","1","6","आध्वर्यव-ब्राह्मणम्"
"2","2","7","1","6","1","7","आध्वर्यव-ब्राह्मणम्"
"2","2","8","1","6","1","8","आध्वर्यव-ब्राह्मणम्"
"2","2","9","1","6","1","9","आध्वर्यव-ब्राह्मणम्"
"2","2","10","1","6","1","10","आध्वर्यव-ब्राह्मणम्"
"2","2","11","1","6","1","11","आध्वर्यव-ब्राह्मणम्"
"2","2","12","1","6","2","1","आध्वर्यव-ब्राह्मणम्"
"2","2","13","1","6","2","2","आध्वर्यव-ब्राह्मणम्"
"2","2","14","1","6","2","3","आध्वर्यव-ब्राह्मणम्"
"2","2","15","1","6","2","4","आध्वर्यव-ब्राह्मणम्"
"2","2","16","1","6","2","5","आध्वर्यव-ब्राह्मणम्"
"2","2","17","1","6","2","6","आध्वर्यव-ब्राह्मणम्"
"2","2","18","1","6","2","7","आध्वर्यव-ब्राह्मणम्"
"2","2","19","1","6","2","8","आध्वर्यव-ब्राह्मणम्"
"2","2","20","1","6","2","9","आध्वर्यव-ब्राह्मणम्"
"2","2","21","1","6","2","10","आध्वर्यव-ब्राह्मणम्"
"2","2","22","1","6","2","11","आध्वर्यव-ब्राह्मणम्"
"2","2","23","1","6","3","1","आध्वर्यव-ब्राह्मणम्"
"2","2","24","1","6","3","2","आध्वर्यव-ब्राह्मणम्"
"2","2","25","1","6","3","3","आध्वर्यव-ब्राह्मणम्"
"2","2","26","1","6","3","4","आध्वर्यव-ब्राह्मणम्"
"2","2","27","1","6","3","5","आध्वर्यव-ब्राह्मणम्"
"2","2","28","1","6","3","6","आध्वर्यव-ब्राह्मणम्"
"2","2","29","1","6","3","7","आध्वर्यव-ब्राह्मणम्"
"2","2","30","1","6","3","8","आध्वर्यव-ब्राह्मणम्"
"2","2","31","1","6","3","9","आध्वर्यव-ब्राह्मणम्"
"2","2","32","1","6","3","10","आध्वर्यव-ब्राह्मणम्"
"2","2","33","1","6","3","11","आध्वर्यव-ब्राह्मणम्"
"2","2","34","1","6","4","1","आध्वर्यव-ब्राह्मणम्"
"2","2","35","1","6","4","2","आध्वर्यव-ब्राह्मणम्"
"2","2","36","1","6","4","3","आध्वर्यव-ब्राह्मणम्"
"2","2","37","1","6","6","4","आध्वर्यव-ब्राह्मणम्"
"2","2","38","1","6","6","5","आध्वर्यव-ब्राह्मणम्"
"2","2","39","1","6","6","6","आध्वर्यव-ब्राह्मणम्"
"2","2","40","1","6","6","7","आध्वर्यव-ब्राह्मणम्"
"2","2","41","1","6","6","8","आध्वर्यव-ब्राह्मणम्"
"2","2","42","1","6","6","9","आध्वर्यव-ब्राह्मणम्"
"2","2","43","1","6","6","10","आध्वर्यव-ब्राह्मणम्"
"2","2","44","1","6","6","11","आध्वर्यव-ब्राह्मणम्"
"2","2","45","1","7","1","1","आध्वर्यव-ब्राह्मणम्"
"2","2","46","1","7","1","2","आध्वर्यव-ब्राह्मणम्"
"2","2","47","1","7","1","3","आध्वर्यव-ब्राह्मणम्"
"2","2","48","2","1","5","9","आध्वर्यव-ब्राह्मणम्"
"2","2","49","2","1","5","10","आध्वर्यव-ब्राह्मणम्"
"2","2","50","2","1","5","11","आध्वर्यव-ब्राह्मणम्"
"2","2","51","2","1","5","12","आध्वर्यव-ब्राह्मणम्"
"2","3","1","1","1","4","1","ग्रहाः"
"2","3","2","1","1","4","2","ग्रहाः"
"2","3","3","1","1","4","3","ग्रहाः"
"2","3","4","1","1","4","4","ग्रहाः"
"2","3","5","1","1","4","5","ग्रहाः"
"2","3","6","1","1","4","6","ग्रहाः"
"2","3","7","1","1","4","7","ग्रहाः"
"2","3","8","1","1","4","8","ग्रहाः"
"2","3","9","1","1","4","9","ग्रहाः"
"2","3","10","1","1","4","10","ग्रहाः"
"2","3","11","1","1","4","11","ग्रहाः"
"2","3","12","1","1","4","12","ग्रहाः"
"2","3","13","1","1","4","13","ग्रहाः"
"2","3","14","1","1","4","14","ग्रहाः"
"2","3","15","1","1","4","15","ग्रहाः"
"2","3","16","1","1","4","16","ग्रहाः"
"2","3","17","1","1","4","17","ग्रहाः"
"2","3","18","1","1","4","18","ग्रहाः"
"2","3","19","1","1","4","19","ग्रहाः"
"2","3","20","1","1","4","20","ग्रहाः"
"2","3","21","1","1","4","21","ग्रहाः"
"2","3","22","1","1","4","22","ग्रहाः"
"2","3","23","1","1","4","23","ग्रहाः"
"2","3","24","1","1","4","24","ग्रहाः"
"2","3","25","1","1","4","25","ग्रहाः"
"2","3","26","1","1","4","26","ग्रहाः"
"2","3","27","1","1","4","27","ग्रहाः"
"2","3","28","1","1","4","28","ग्रहाः"
"2","3","29","1","1","4","29","ग्रहाः"
"2","3","30","1","1","4","30","ग्रहाः"
"2","3","31","1","1","4","31","ग्रहाः"
"2","3","32","1","1","4","32","ग्रहाः"
"2","3","33","1","1","4","33","ग्रहाः"
"2","3","34","1","1","4","34","ग्रहाः"
"2","3","35","1","1","4","35","ग्रहाः"
"2","3","36","1","1","4","36","ग्रहाः"
"2","3","37","1","1","4","37","ग्रहाः"
"2","3","38","1","1","4","38","ग्रहाः"
"2","3","39","1","1","4","39","ग्रहाः"
"2","3","40","1","1","4","40","ग्रहाः"
"2","3","41","1","1","4","41","ग्रहाः"
"2","3","42","1","1","4","42","ग्रहाः"
"2","3","43","3","3","16","0","ग्रहाः"
"2","4","1","2","1","4","1","ग्रह-ब्राह्मणम्"
"2","4","2","2","1","5","4","ग्रह-ब्राह्मणम्"
"2","4","3","1","6","4","4","ग्रह-ब्राह्मणम्"
"2","4","4","1","6","4","5","ग्रह-ब्राह्मणम्"
"2","4","5","1","6","4","6","ग्रह-ब्राह्मणम्"
"2","4","6","1","6","4","7","ग्रह-ब्राह्मणम्"
"2","4","7","1","6","4","8","ग्रह-ब्राह्मणम्"
"2","4","8","1","6","4","9","ग्रह-ब्राह्मणम्"
"2","4","9","1","6","4","10","ग्रह-ब्राह्मणम्"
"2","4","10","1","6","4","11","ग्रह-ब्राह्मणम्"
"2","4","11","1","6","5","1","ग्रह-ब्राह्मणम्"
"2","4","12","1","6","5","2","ग्रह-ब्राह्मणम्"
"2","4","13","1","6","5","3","ग्रह-ब्राह्मणम्"
"2","4","14","1","6","5","4","ग्रह-ब्राह्मणम्"
"2","4","15","1","6","5","5","ग्रह-ब्राह्मणम्"
"2","4","16","1","6","5","6","ग्रह-ब्राह्मणम्"
"2","4","17","1","6","5","7","ग्रह-ब्राह्मणम्"
"2","4","18","1","6","5","8","ग्रह-ब्राह्मणम्"
"2","4","19","1","6","5","9","ग्रह-ब्राह्मणम्"
"2","4","20","1","6","5","10","ग्रह-ब्राह्मणम्"
"2","4","21","1","6","5","11","ग्रह-ब्राह्मणम्"
"2","5","1","1","1","4","43","दाक्षिणानि"
"2","6","1","1","6","6","1","दाक्षिण-ब्राह्मणम्"
"2","7","1","1","1","4","44","समिष्टयजूंषि"
"2","8","1","1","6","6","2","समिष्टयजुर्-ब्राह्मणम्"
"2","9","1","1","1","4","45","अवभृथ-यजूंषि"
"2","10","1","1","6","6","3","अवभृथ-यजुर्-ब्राह्मणम्"
"2","11","1","1","1","7","7","वाजपेयः"
"2","11","2","1","1","7","8","वाजपेयः"
"2","11","3","1","1","7","9","वाजपेयः"
"2","11","4","1","1","7","10","वाजपेयः"
"2","11","5","1","1","7","11","वाजपेयः"
"2","11","6","1","1","7","12","वाजपेयः"
"2","12","1","2","1","3","2","वाजपेय-ब्राह्मणम्"
"2","12","2","2","1","3","3","वाजपेय-ब्राह्मणम्"
"2","12","3","2","1","3","4","वाजपेय-ब्राह्मणम्"
"2","12","4","2","1","3","5","वाजपेय-ब्राह्मणम्"
"2","12","5","2","1","3","6","वाजपेय-ब्राह्मणम्"
"2","12","6","2","1","3","7","वाजपेय-ब्राह्मणम्"
"2","12","7","2","1","3","8","वाजपेय-ब्राह्मणम्"
"2","12","8","2","1","3","9","वाजपेय-ब्राह्मणम्"
"2","13","1","3","7","1","0","शुक्रियाणि"
"2","13","2","3","7","2","0","शुक्रियाणि"
"2","13","3","3","7","3","0","शुक्रियाणि"
"2","13","4","3","7","4","0","शुक्रियाणि"
"2","13","5","3","7","5","0","शुक्रियाणि"
"2","13","6","3","7","6","0","शुक्रियाणि"
"2","13","7","3","7","7","0","शुक्रियाणि"
"2","13","8","3","7","8","0","शुक्रियाणि"
"2","13","9","3","7","9","0","शुक्रियाणि"
"2","13","10","3","7","10","0","शुक्रियाणि"
"2","13","11","3","7","11","0","शुक्रियाणि"
"2","13","12","3","7","12","0","शुक्रियाणि"
"2","13","13","3","7","13","0","शुक्रियाणि"
"2","13","14","3","7","14","0","शुक्रियाणि"
"2","13","15","3","7","15","0","शुक्रियाणि"
"2","13","16","3","7","16","0","शुक्रियाणि"
"2","13","17","3","7","17","0","शुक्रियाणि"
"2","13","18","3","7","18","0","शुक्रियाणि"
"2","13","19","3","7","19","0","शुक्रियाणि"
"2","13","20","3","7","20","0","शुक्रियाणि"
"2","13","21","3","7","21","0","शुक्रियाणि"
"2","13","22","3","7","22","0","शुक्रियाणि"
"2","13","23","3","7","23","0","शुक्रियाणि"
"2","13","24","3","7","24","0","शुक्रियाणि"
"2","13","25","3","7","25","0","शुक्रियाणि"
"2","13","26","3","7","26","0","शुक्रियाणि"
"2","13","27","3","7","27","0","शुक्रियाणि"
"2","13","28","3","7","28","0","शुक्रियाणि"
"2","13","29","3","7","29","0","शुक्रियाणि"
"2","13","30","3","7","30","0","शुक्रियाणि"
"2","13","31","3","7","31","0","शुक्रियाणि"
"2","13","32","3","7","32","0","शुक्रियाणि"
"2","13","33","3","7","33","0","शुक्रियाणि"
"2","13","34","3","7","34","0","शुक्रियाणि"
"2","13","35","3","7","35","0","शुक्रियाणि"
"2","13","36","3","7","36","0","शुक्रियाणि"
"2","13","37","3","7","37","0","शुक्रियाणि"
"2","13","38","3","7","38","0","शुक्रियाणि"
"2","13","39","3","7","39","0","शुक्रियाणि"
"2","13","40","3","7","40","0","शुक्रियाणि"
"2","13","41","3","7","41","0","शुक्रियाणि"
"2","13","42","3","7","42","0","शुक्रियाणि"
"2","14","1","3","8","1","0","शुक्रिय-ब्राह्मणम्"
"2","14","2","3","8","2","0","शुक्रिय-ब्राह्मणम्"
"2","14","3","3","8","3","0","शुक्रिय-ब्राह्मणम्"
"2","14","4","3","8","4","0","शुक्रिय-ब्राह्मणम्"
"2","14","5","3","8","5","0","शुक्रिय-ब्राह्मणम्"
"2","14","6","3","8","6","0","शुक्रिय-ब्राह्मणम्"
"2","14","7","3","8","7","0","शुक्रिय-ब्राह्मणम्"
"2","14","8","3","8","8","0","शुक्रिय-ब्राह्मणम्"
"2","14","9","3","8","9","0","शुक्रिय-ब्राह्मणम्"
"2","14","10","3","8","10","0","शुक्रिय-ब्राह्मणम्"
"2","14","11","3","8","11","0","शुक्रिय-ब्राह्मणम्"
"2","14","12","3","8","12","0","शुक्रिय-ब्राह्मणम्"
"2","15","1","2","2","7","7","सवाः"
"2","15","2","2","2","7","8","सवाः"
"2","15","3","2","2","7","12","सवाः"
"2","15","4","2","2","7","13","सवाः"
"2","15","5","2","2","7","15","सवाः"
"2","15","6","2","2","7","16","सवाः"
"2","15","7","2","2","7","17","सवाः"
"2","15","8","2","2","7","4","सवाः"
"2","15","9","2","2","7","5","सवाः"
"2","15","10","2","2","7","6","सवाः"
"2","16","1","2","2","7","1","सव-ब्राह्मणम्"
"2","16","2","2","2","7","2","सव-ब्राह्मणम्"
"2","16","3","2","2","7","3","सव-ब्राह्मणम्"
"2","16","4","2","2","7","4","सव-ब्राह्मणम्"
"2","16","5","2","2","7","5","सव-ब्राह्मणम्"
"2","16","6","2","2","7","6","सव-ब्राह्मणम्"
"2","16","7","2","2","7","9","सव-ब्राह्मणम्"
"2","16","8","2","2","7","10","सव-ब्राह्मणम्"
"2","16","9","2","2","7","11","सव-ब्राह्मणम्"
"2","16","10","2","2","7","14","सव-ब्राह्मणम्"
"2","16","11","2","2","7","18","सव-ब्राह्मणम्"
"3","1","1","2","1","2","1","अग्न्याधेयम्"
"3","1","2","2","1","1","7","अग्न्याधेयम्"
"3","2","1","2","1","1","2","अग्न्याधेय-ब्राह्मणम्"
"3","2","2","2","1","1","3","अग्न्याधेय-ब्राह्मणम्"
"3","2","3","2","1","1","4","अग्न्याधेय-ब्राह्मणम्"
"3","2","4","2","1","1","5","अग्न्याधेय-ब्राह्मणम्"
"3","2","5","2","1","1","6","अग्न्याधेय-ब्राह्मणम्"
"3","2","6","2","1","1","8","अग्न्याधेय-ब्राह्मणम्"
"3","2","7","2","1","1","9","अग्न्याधेय-ब्राह्मणम्"
"3","2","8","2","1","1","10","अग्न्याधेय-ब्राह्मणम्"
"3","3","1","1","1","5","3","पुनराधेयम्"
"3","4","1","1","1","5","1","पुनराधेय-ब्राह्मणम्"
"3","4","2","1","1","5","2","पुनराधेय-ब्राह्मणम्"
"3","4","3","1","1","5","4","पुनराधेय-ब्राह्मणम्"
"3","4","4","2","1","3","1","पुनराधेय-ब्राह्मणम्"
"3","5","1","2","2","1","1","अग्निहोत्र-ब्राह्मणम्"
"3","5","2","2","2","1","2","अग्निहोत्र-ब्राह्मणम्"
"3","5","3","2","2","1","3","अग्निहोत्र-ब्राह्मणम्"
"3","5","4","2","2","1","4","अग्निहोत्र-ब्राह्मणम्"
"3","5","5","2","2","1","5","अग्निहोत्र-ब्राह्मणम्"
"3","5","6","2","2","1","6","अग्निहोत्र-ब्राह्मणम्"
"3","5","7","2","2","1","7","अग्निहोत्र-ब्राह्मणम्"
"3","5","8","2","2","1","8","अग्निहोत्र-ब्राह्मणम्"
"3","5","9","2","2","1","9","अग्निहोत्र-ब्राह्मणम्"
"3","5","10","2","2","1","10","अग्निहोत्र-ब्राह्मणम्"
"3","5","11","2","2","1","11","अग्निहोत्र-ब्राह्मणम्"
"3","5","12","2","1","4","3","अग्निहोत्र-ब्राह्मणम्"
"3","5","13","2","1","4","4","अग्निहोत्र-ब्राह्मणम्"
"3","6","1","1","1","5","5","अग्न्युपस्थानम्"
"3","6","2","1","1","5","6","अग्न्युपस्थानम्"
"3","6","3","1","1","5","10","अग्न्युपस्थानम्"
"3","7","1","1","1","5","7","अग्न्युपस्थान-ब्राह्मणम्"
"3","7","2","1","1","5","8","अग्न्युपस्थान-ब्राह्मणम्"
"3","7","3","1","1","5","9","अग्न्युपस्थान-ब्राह्मणम्"
"3","8","1","1","4","1","1","अग्निचयनम्"
"3","8","2","1","4","1","2","अग्निचयनम्"
"3","8","3","1","4","1","3","अग्निचयनम्"
"3","8","4","1","4","1","4","अग्निचयनम्"
"3","8","5","1","4","1","5","अग्निचयनम्"
"3","8","6","1","4","1","6","अग्निचयनम्"
"3","8","7","1","4","1","7","अग्निचयनम्"
"3","8","8","1","4","1","8","अग्निचयनम्"
"3","8","9","1","4","1","9","अग्निचयनम्"
"3","8","10","1","4","1","10","अग्निचयनम्"
"3","8","11","1","4","2","1","अग्निचयनम्"
"3","8","12","1","4","2","2","अग्निचयनम्"
"3","8","13","1","4","2","3","अग्निचयनम्"
"3","8","14","1","4","2","4","अग्निचयनम्"
"3","8","15","1","4","2","5","अग्निचयनम्"
"3","8","16","1","4","2","6","अग्निचयनम्"
"3","8","17","1","4","2","7","अग्निचयनम्"
"3","8","18","1","4","2","8","अग्निचयनम्"
"3","8","19","1","4","2","9","अग्निचयनम्"
"3","8","20","1","4","2","10","अग्निचयनम्"
"3","8","21","3","3","17","0","अग्निचयनम्"
"3","8","22","1","4","3","1","अग्निचयनम्"
"3","8","23","1","4","3","2","अग्निचयनम्"
"3","8","24","1","4","3","3","अग्निचयनम्"
"3","8","25","1","4","3","4","अग्निचयनम्"
"3","8","26","1","4","3","5","अग्निचयनम्"
"3","8","27","1","4","3","6","अग्निचयनम्"
"3","8","28","1","4","3","7","अग्निचयनम्"
"3","8","29","1","4","3","8","अग्निचयनम्"
"3","8","30","1","4","3","9","अग्निचयनम्"
"3","8","31","1","4","3","10","अग्निचयनम्"
"3","8","32","1","4","3","11","अग्निचयनम्"
"3","8","33","1","4","3","12","अग्निचयनम्"
"3","8","34","3","3","18","0","अग्निचयनम्"
"3","8","35","1","4","4","1","अग्निचयनम्"
"3","8","36","1","4","4","2","अग्निचयनम्"
"3","8","37","1","4","4","3","अग्निचयनम्"
"3","8","38","1","4","4","4","अग्निचयनम्"
"3","8","39","1","4","4","5","अग्निचयनम्"
"3","8","40","1","4","4","6","अग्निचयनम्"
"3","8","41","1","4","4","7","अग्निचयनम्"
"3","8","42","1","4","4","8","अग्निचयनम्"
"3","8","43","1","4","4","9","अग्निचयनम्"
"3","8","44","1","4","4","10","अग्निचयनम्"
"3","8","45","1","4","4","11","अग्निचयनम्"
"3","8","46","3","3","19","0","अग्निचयनम्"
"3","8","47","1","4","5","1","अग्निचयनम्"
"3","8","48","1","4","5","2","अग्निचयनम्"
"3","8","49","1","4","5","3","अग्निचयनम्"
"3","8","50","1","4","5","4","अग्निचयनम्"
"3","8","51","1","4","5","5","अग्निचयनम्"
"3","8","52","1","4","5","6","अग्निचयनम्"
"3","8","53","1","4","5","7","अग्निचयनम्"
"3","8","54","1","4","5","8","अग्निचयनम्"
"3","8","55","1","4","5","9","अग्निचयनम्"
"3","8","56","1","4","5","10","अग्निचयनम्"
"3","8","57","1","4","5","11","अग्निचयनम्"
"3","8","58","1","4","6","1","अग्निचयनम्"
"3","8","59","1","4","6","2","अग्निचयनम्"
"3","8","60","1","4","6","3","अग्निचयनम्"
"3","8","61","1","4","6","4","अग्निचयनम्"
"3","8","62","1","4","6","5","अग्निचयनम्"
"3","8","63","1","4","7","1","अग्निचयनम्"
"3","8","64","1","4","7","2","अग्निचयनम्"
"3","8","65","1","4","7","3","अग्निचयनम्"
"3","8","66","1","4","7","4","अग्निचयनम्"
"3","8","67","1","4","7","5","अग्निचयनम्"
"3","8","68","1","4","7","6","अग्निचयनम्"
"3","8","69","1","4","7","7","अग्निचयनम्"
"3","8","70","1","4","7","8","अग्निचयनम्"
"3","8","71","1","4","7","9","अग्निचयनम्"
"3","8","72","1","4","7","10","अग्निचयनम्"
"3","8","73","1","4","7","11","अग्निचयनम्"
"3","8","74","1","4","7","12","अग्निचयनम्"
"3","8","75","1","4","7","13","अग्निचयनम्"
"3","8","76","1","4","7","14","अग्निचयनम्"
"3","8","77","2","1","5","7","अग्निचयनम्"
"3","8","78","2","1","5","8","अग्निचयनम्"
"3","9","1","1","5","1","1","अग्निचयन-ब्राह्मणम्"
"3","9","2","1","5","1","2","अग्निचयन-ब्राह्मणम्"
"3","9","3","1","5","1","3","अग्निचयन-ब्राह्मणम्"
"3","9","4","1","5","1","4","अग्निचयन-ब्राह्मणम्"
"3","9","5","1","5","1","5","अग्निचयन-ब्राह्मणम्"
"3","9","6","1","5","1","6","अग्निचयन-ब्राह्मणम्"
"3","9","7","1","5","1","7","अग्निचयन-ब्राह्मणम्"
"3","9","8","1","5","1","8","अग्निचयन-ब्राह्मणम्"
"3","9","9","1","5","1","9","अग्निचयन-ब्राह्मणम्"
"3","9","10","1","5","1","10","अग्निचयन-ब्राह्मणम्"
"3","9","11","1","5","2","1","अग्निचयन-ब्राह्मणम्"
"3","9","12","1","5","2","2","अग्निचयन-ब्राह्मणम्"
"3","9","13","1","5","2","3","अग्निचयन-ब्राह्मणम्"
"3","9","14","1","5","2","4","अग्निचयन-ब्राह्मणम्"
"3","9","15","1","5","2","5","अग्निचयन-ब्राह्मणम्"
"3","9","16","1","5","2","6","अग्निचयन-ब्राह्मणम्"
"3","9","17","1","5","2","7","अग्निचयन-ब्राह्मणम्"
"3","9","18","1","5","2","8","अग्निचयन-ब्राह्मणम्"
"3","9","19","1","5","2","9","अग्निचयन-ब्राह्मणम्"
"3","9","20","1","5","2","10","अग्निचयन-ब्राह्मणम्"
"3","9","21","1","5","3","1","अग्निचयन-ब्राह्मणम्"
"3","9","22","1","5","3","2","अग्निचयन-ब्राह्मणम्"
"3","9","23","1","5","3","3","अग्निचयन-ब्राह्मणम्"
"3","9","24","1","5","3","4","अग्निचयन-ब्राह्मणम्"
"3","9","25","1","5","3","5","अग्निचयन-ब्राह्मणम्"
"3","9","26","1","5","3","6","अग्निचयन-ब्राह्मणम्"
"3","9","27","1","5","3","7","अग्निचयन-ब्राह्मणम्"
"3","9","28","1","5","3","8","अग्निचयन-ब्राह्मणम्"
"3","9","29","1","5","3","9","अग्निचयन-ब्राह्मणम्"
"3","9","30","1","5","3","10","अग्निचयन-ब्राह्मणम्"
"3","9","31","1","5","3","11","अग्निचयन-ब्राह्मणम्"
"3","9","32","1","5","4","1","अग्निचयन-ब्राह्मणम्"
"3","9","33","1","5","4","2","अग्निचयन-ब्राह्मणम्"
"3","9","34","1","5","4","3","अग्निचयन-ब्राह्मणम्"
"3","9","35","1","5","4","4","अग्निचयन-ब्राह्मणम्"
"3","9","36","1","5","4","5","अग्निचयन-ब्राह्मणम्"
"3","9","37","1","5","4","6","अग्निचयन-ब्राह्मणम्"
"3","9","38","1","5","4","7","अग्निचयन-ब्राह्मणम्"
"3","9","39","1","5","4","8","अग्निचयन-ब्राह्मणम्"
"3","9","40","1","5","4","9","अग्निचयन-ब्राह्मणम्"
"3","9","41","1","5","4","10","अग्निचयन-ब्राह्मणम्"
"3","9","42","1","5","4","11","अग्निचयन-ब्राह्मणम्"
"3","9","43","1","5","5","1","अग्निचयन-ब्राह्मणम्"
"3","9","44","1","5","5","2","अग्निचयन-ब्राह्मणम्"
"3","9","45","1","5","5","3","अग्निचयन-ब्राह्मणम्"
"3","9","46","1","5","5","4","अग्निचयन-ब्राह्मणम्"
"3","9","47","1","5","5","5","अग्निचयन-ब्राह्मणम्"
"3","9","48","1","5","5","6","अग्निचयन-ब्राह्मणम्"
"3","9","49","1","5","5","7","अग्निचयन-ब्राह्मणम्"
"3","9","50","1","5","5","8","अग्निचयन-ब्राह्मणम्"
"3","9","51","1","5","5","9","अग्निचयन-ब्राह्मणम्"
"3","9","52","1","5","5","10","अग्निचयन-ब्राह्मणम्"
"3","9","53","1","5","6","1","अग्निचयन-ब्राह्मणम्"
"3","9","54","1","5","6","2","अग्निचयन-ब्राह्मणम्"
"3","9","55","1","5","6","3","अग्निचयन-ब्राह्मणम्"
"3","9","56","1","5","6","4","अग्निचयन-ब्राह्मणम्"
"3","9","57","1","5","6","5","अग्निचयन-ब्राह्मणम्"
"3","9","58","1","5","6","6","अग्निचयन-ब्राह्मणम्"
"3","9","59","1","5","6","7","अग्निचयन-ब्राह्मणम्"
"3","9","60","1","5","6","8","अग्निचयन-ब्राह्मणम्"
"3","9","61","1","5","6","9","अग्निचयन-ब्राह्मणम्"
"3","9","62","1","5","6","10","अग्निचयन-ब्राह्मणम्"
"3","9","63","1","5","7","1","अग्निचयन-ब्राह्मणम्"
"3","9","64","1","5","7","2","अग्निचयन-ब्राह्मणम्"
"3","9","65","1","5","7","3","अग्निचयन-ब्राह्मणम्"
"3","9","66","1","5","7","4","अग्निचयन-ब्राह्मणम्"
"3","9","67","1","5","7","5","अग्निचयन-ब्राह्मणम्"
"3","9","68","1","5","7","6","अग्निचयन-ब्राह्मणम्"
"3","9","69","1","5","7","7","अग्निचयन-ब्राह्मणम्"
"3","9","70","1","5","7","8","अग्निचयन-ब्राह्मणम्"
"3","9","71","1","5","7","9","अग्निचयन-ब्राह्मणम्"
"3","9","72","1","5","7","10","अग्निचयन-ब्राह्मणम्"
"3","10","1","5","1","1","0","सावित्रम्"
"3","10","2","5","1","2","0","सावित्रम्"
"3","10","3","5","1","3","0","सावित्रम्"
"3","10","4","5","1","4","0","सावित्रम्"
"3","10","5","5","1","5","0","सावित्रम्"
"3","10","6","5","1","6","0","सावित्रम्"
"3","10","7","5","1","7","0","सावित्रम्"
"3","10","8","5","1","8","0","सावित्रम्"
"3","11","1","5","1","9","0","सावित्र-ब्राह्मणम्"
"3","11","2","5","1","10","0","सावित्र-ब्राह्मणम्"
"3","11","3","5","1","11","0","सावित्र-ब्राह्मणम्"
"3","12","1","5","2","1","0","नाचिकेतम्"
"3","12","2","5","2","2","0","नाचिकेतम्"
"3","12","3","5","2","3","0","नाचिकेतम्"
"3","12","4","5","2","4","0","नाचिकेतम्"
"3","12","5","5","2","5","0","नाचिकेतम्"
"3","12","6","5","2","6","0","नाचिकेतम्"
"3","13","1","5","2","7","0","नाचिकेत-ब्राह्मणम्"
"3","13","2","5","2","8","0","नाचिकेत-ब्राह्मणम्"
"3","13","3","5","2","9","0","नाचिकेत-ब्राह्मणम्"
"3","13","4","5","2","10","0","नाचिकेत-ब्राह्मणम्"
"3","14","1","3","3","1","0","चातुर्होत्रियम्"
"3","15","1","5","3","5","0","चातुर्होत्रिय-ब्राह्मणम्"
"3","16","1","5","3","6","0","वैश्वसृजम्"
"3","16","2","5","3","7","0","वैश्वसृजम्"
"3","16","3","5","3","8","0","वैश्वसृजम्"
"3","16","4","5","3","9","0","वैश्वसृजम्"
"3","17","1","3","1","1","0","आरुणम् (मन्त्र-ब्राह्मणात्मकम्)"
"3","17","2","3","1","2","0","आरुणम् (मन्त्र-ब्राह्मणात्मकम्)"
"3","17","3","3","1","3","0","आरुणम् (मन्त्र-ब्राह्मणात्मकम्)"
"3","17","4","3","1","4","0","आरुणम् (मन्त्र-ब्राह्मणात्मकम्)"
"3","17","5","3","1","5","0","आरुणम् (मन्त्र-ब्राह्मणात्मकम्)"
"3","17","6","3","1","6","0","आरुणम् (मन्त्र-ब्राह्मणात्मकम्)"
"3","17","7","3","1","7","0","आरुणम् (मन्त्र-ब्राह्मणात्मकम्)"
"3","17","8","3","1","8","0","आरुणम् (मन्त्र-ब्राह्मणात्मकम्)"
"3","17","9","3","1","9","0","आरुणम् (मन्त्र-ब्राह्मणात्मकम्)"
"3","17","10","3","1","10","0","आरुणम् (मन्त्र-ब्राह्मणात्मकम्)"
"3","17","11","3","1","11","0","आरुणम् (मन्त्र-ब्राह्मणात्मकम्)"
"3","17","12","3","1","12","0","आरुणम् (मन्त्र-ब्राह्मणात्मकम्)"
"3","17","13","3","1","13","0","आरुणम् (मन्त्र-ब्राह्मणात्मकम्)"
"3","17","14","3","1","14","0","आरुणम् (मन्त्र-ब्राह्मणात्मकम्)"
"3","17","15","3","1","15","0","आरुणम् (मन्त्र-ब्राह्मणात्मकम्)"
"3","17","16","3","1","16","0","आरुणम् (मन्त्र-ब्राह्मणात्मकम्)"
"3","17","17","3","1","17","0","आरुणम् (मन्त्र-ब्राह्मणात्मकम्)"
"3","17","18","3","1","18","0","आरुणम् (मन्त्र-ब्राह्मणात्मकम्)"
"3","17","19","3","1","19","0","आरुणम् (मन्त्र-ब्राह्मणात्मकम्)"
"3","17","20","3","1","20","0","आरुणम् (मन्त्र-ब्राह्मणात्मकम्)"
"3","17","21","3","1","21","0","आरुणम् (मन्त्र-ब्राह्मणात्मकम्)"
"3","17","22","3","1","22","0","आरुणम् (मन्त्र-ब्राह्मणात्मकम्)"
"3","17","23","3","1","23","0","आरुणम् (मन्त्र-ब्राह्मणात्मकम्)"
"3","17","24","3","1","24","0","आरुणम् (मन्त्र-ब्राह्मणात्मकम्)"
"3","17","25","3","1","25","0","आरुणम् (मन्त्र-ब्राह्मणात्मकम्)"
"3","17","26","3","1","26","0","आरुणम् (मन्त्र-ब्राह्मणात्मकम्)"
"3","17","27","3","1","27","0","आरुणम् (मन्त्र-ब्राह्मणात्मकम्)"
"3","17","28","3","1","28","0","आरुणम् (मन्त्र-ब्राह्मणात्मकम्)"
"3","17","29","3","1","29","0","आरुणम् (मन्त्र-ब्राह्मणात्मकम्)"
"3","17","30","3","1","30","0","आरुणम् (मन्त्र-ब्राह्मणात्मकम्)"
"3","17","31","3","1","31","0","आरुणम् (मन्त्र-ब्राह्मणात्मकम्)"
"3","17","32","3","1","32","0","आरुणम् (मन्त्र-ब्राह्मणात्मकम्)"
"4","1","1","1","1","8","1","राजसूयः"
"4","1","2","1","1","8","3","राजसूयः"
"4","1","3","1","1","8","4","राजसूयः"
"4","1","4","1","1","8","5","राजसूयः"
"4","1","5","1","1","8","6","राजसूयः"
"4","1","6","1","1","8","7","राजसूयः"
"4","1","7","1","1","8","9","राजसूयः"
"4","1","8","1","1","8","10","राजसूयः"
"4","1","9","1","1","8","11","राजसूयः"
"4","1","10","1","1","8","12","राजसूयः"
"4","1","11","1","1","8","13","राजसूयः"
"4","1","12","1","1","8","14","राजसूयः"
"4","1","13","1","1","8","15","राजसूयः"
"4","1","14","1","1","8","16","राजसूयः"
"4","1","15","2","1","5","5","राजसूयः"
"4","2","1","1","1","8","1","राजसूय-ब्राह्मणम्"
"4","2","2","1","1","8","2","राजसूय-ब्राह्मणम्"
"4","2","3","1","1","8","3","राजसूय-ब्राह्मणम्"
"4","2","4","1","1","8","8","राजसूय-ब्राह्मणम्"
"4","2","5","1","1","8","17","राजसूय-ब्राह्मणम्"
"4","2","6","1","1","8","18","राजसूय-ब्राह्मणम्"
"4","2","7","1","1","8","19","राजसूय-ब्राह्मणम्"
"4","2","8","1","1","8","20","राजसूय-ब्राह्मणम्"
"4","2","9","2","1","6","1","राजसूय-ब्राह्मणम्"
"4","2","10","2","1","6","2","राजसूय-ब्राह्मणम्"
"4","2","11","2","1","6","3","राजसूय-ब्राह्मणम्"
"4","2","12","2","1","6","4","राजसूय-ब्राह्मणम्"
"4","2","13","2","1","6","5","राजसूय-ब्राह्मणम्"
"4","2","14","2","1","6","6","राजसूय-ब्राह्मणम्"
"4","2","15","2","1","6","7","राजसूय-ब्राह्मणम्"
"4","2","16","2","1","6","8","राजसूय-ब्राह्मणम्"
"4","2","17","2","1","6","9","राजसूय-ब्राह्मणम्"
"4","2","18","2","1","6","10","राजसूय-ब्राह्मणम्"
"4","2","19","2","1","7","1","राजसूय-ब्राह्मणम्"
"4","2","20","2","1","7","2","राजसूय-ब्राह्मणम्"
"4","2","21","2","1","7","3","राजसूय-ब्राह्मणम्"
"4","2","22","2","1","7","4","राजसूय-ब्राह्मणम्"
"4","2","23","2","1","7","5","राजसूय-ब्राह्मणम्"
"4","2","24","2","1","7","6","राजसूय-ब्राह्मणम्"
"4","2","25","2","1","7","7","राजसूय-ब्राह्मणम्"
"4","2","26","2","1","7","8","राजसूय-ब्राह्मणम्"
"4","2","27","2","1","7","9","राजसूय-ब्राह्मणम्"
"4","2","28","2","1","7","10","राजसूय-ब्राह्मणम्"
"4","2","29","2","1","8","1","राजसूय-ब्राह्मणम्"
"4","2","30","2","1","8","2","राजसूय-ब्राह्मणम्"
"4","2","31","2","1","8","3","राजसूय-ब्राह्मणम्"
"4","2","32","2","1","8","4","राजसूय-ब्राह्मणम्"
"4","2","33","2","1","8","7","राजसूय-ब्राह्मणम्"
"4","2","34","2","1","8","8","राजसूय-ब्राह्मणम्"
"4","2","35","2","1","8","9","राजसूय-ब्राह्मणम्"
"4","2","36","2","1","8","10","राजसूय-ब्राह्मणम्"
"4","2","37","2","1","4","9","राजसूय-ब्राह्मणम्"
"4","2","38","2","1","4","10","राजसूय-ब्राह्मणम्"
"4","2","39","2","1","5","6","राजसूय-ब्राह्मणम्"
"4","3","1","1","2","1","1","पशुबन्ध-ब्राह्मणम्"
"4","3","2","1","2","1","2","पशुबन्ध-ब्राह्मणम्"
"4","3","3","1","2","1","3","पशुबन्ध-ब्राह्मणम्"
"4","3","4","1","2","1","4","पशुबन्ध-ब्राह्मणम्"
"4","3","5","1","2","1","5","पशुबन्ध-ब्राह्मणम्"
"4","3","6","1","2","1","6","पशुबन्ध-ब्राह्मणम्"
"4","3","7","1","2","1","7","पशुबन्ध-ब्राह्मणम्"
"4","3","8","1","2","1","8","पशुबन्ध-ब्राह्मणम्"
"4","3","9","1","2","1","9","पशुबन्ध-ब्राह्मणम्"
"4","3","10","1","2","1","10","पशुबन्ध-ब्राह्मणम्"
"4","4","1","1","2","2","4","काम्येष्टयः"
"4","5","1","1","2","2","1","काम्येष्टि-ब्राह्मणम्"
"4","5","2","1","2","2","2","काम्येष्टि-ब्राह्मणम्"
"4","5","3","1","2","2","3","काम्येष्टि-ब्राह्मणम्"
"4","5","4","1","2","2","4","काम्येष्टि-ब्राह्मणम्"
"4","5","5","1","2","2","5","काम्येष्टि-ब्राह्मणम्"
"4","5","6","1","2","2","6","काम्येष्टि-ब्राह्मणम्"
"4","5","7","1","2","2","7","काम्येष्टि-ब्राह्मणम्"
"4","5","8","1","2","2","8","काम्येष्टि-ब्राह्मणम्"
"4","5","9","1","2","2","9","काम्येष्टि-ब्राह्मणम्"
"4","5","10","1","2","2","10","काम्येष्टि-ब्राह्मणम्"
"4","5","11","1","2","2","11","काम्येष्टि-ब्राह्मणम्"
"4","5","12","1","2","3","1","काम्येष्टि-ब्राह्मणम्"
"4","5","13","1","2","3","2","काम्येष्टि-ब्राह्मणम्"
"4","5","14","1","2","3","3","काम्येष्टि-ब्राह्मणम्"
"4","5","15","1","2","3","4","काम्येष्टि-ब्राह्मणम्"
"4","5","16","1","2","3","5","काम्येष्टि-ब्राह्मणम्"
"4","5","17","1","2","3","6","काम्येष्टि-ब्राह्मणम्"
"4","5","18","1","2","3","7","काम्येष्टि-ब्राह्मणम्"
"4","5","19","1","2","3","8","काम्येष्टि-ब्राह्मणम्"
"4","5","20","1","2","3","9","काम्येष्टि-ब्राह्मणम्"
"4","5","21","1","2","3","10","काम्येष्टि-ब्राह्मणम्"
"4","5","22","1","2","3","11","काम्येष्टि-ब्राह्मणम्"
"4","5","23","1","2","3","12","काम्येष्टि-ब्राह्मणम्"
"4","5","24","1","2","3","13","काम्येष्टि-ब्राह्मणम्"
"4","5","25","1","2","4","1","काम्येष्टि-ब्राह्मणम्"
"4","5","26","1","2","4","2","काम्येष्टि-ब्राह्मणम्"
"4","5","27","1","2","4","3","काम्येष्टि-ब्राह्मणम्"
"4","5","28","1","2","4","4","काम्येष्टि-ब्राह्मणम्"
"4","5","29","1","2","4","5","काम्येष्टि-ब्राह्मणम्"
"4","5","30","1","2","4","6","काम्येष्टि-ब्राह्मणम्"
"4","5","31","1","2","4","7","काम्येष्टि-ब्राह्मणम्"
"4","5","32","1","2","4","8","काम्येष्टि-ब्राह्मणम्"
"4","5","33","1","2","4","9","काम्येष्टि-ब्राह्मणम्"
"4","5","34","1","2","4","10","काम्येष्टि-ब्राह्मणम्"
"4","5","35","1","2","4","11","काम्येष्टि-ब्राह्मणम्"
"4","5","36","1","2","4","12","काम्येष्टि-ब्राह्मणम्"
"4","5","37","1","2","4","13","काम्येष्टि-ब्राह्मणम्"
"4","6","1","2","3","1","1","नक्षत्रेष्टयः"
"4","6","2","2","3","1","2","नक्षत्रेष्टयः"
"4","6","3","2","3","1","3","नक्षत्रेष्टयः"
"4","6","4","2","3","1","4","नक्षत्रेष्टयः"
"4","6","5","2","3","1","5","नक्षत्रेष्टयः"
"4","6","6","2","3","1","6","नक्षत्रेष्टयः"
"4","6","7","2","1","5","1","नक्षत्रेष्टयः"
"4","7","1","2","3","1","4","नक्षत्रेष्टि-ब्राह्मणम्"
"4","7","2","2","3","1","5","नक्षत्रेष्टि-ब्राह्मणम्"
"4","7","3","2","3","1","6","नक्षत्रेष्टि-ब्राह्मणम्"
"4","7","4","2","1","5","2","नक्षत्रेष्टि-ब्राह्मणम्"
"4","7","5","2","1","5","3","नक्षत्रेष्टि-ब्राह्मणम्"
"4","8","1","5","3","1","0","दिवः-श्येनयः"
"4","8","2","5","3","2","0","दिवः-श्येनयः"
"4","9","1","5","3","2","0","दिवः-श्येनि-ब्राह्मणम्"
"4","10","1","5","3","3","0","अपाघाः"
"4","10","2","5","3","4","0","अपाघाः"
"4","11","1","5","3","4","0","अपाघा-ब्राह्मणम्"
"4","12","1","1","7","1","4","सात्रायण-ब्राह्मणम्"
"4","12","2","1","7","1","5","सात्रायण-ब्राह्मणम्"
"4","12","3","1","7","1","6","सात्रायण-ब्राह्मणम्"
"4","12","4","1","7","1","7","सात्रायण-ब्राह्मणम्"
"4","12","5","1","7","1","8","सात्रायण-ब्राह्मणम्"
"4","12","6","1","7","1","9","सात्रायण-ब्राह्मणम्"
"4","12","7","1","7","1","10","सात्रायण-ब्राह्मणम्"
"4","12","8","1","7","2","1","सात्रायण-ब्राह्मणम्"
"4","12","9","1","7","2","2","सात्रायण-ब्राह्मणम्"
"4","12","10","1","7","2","3","सात्रायण-ब्राह्मणम्"
"4","12","11","1","7","2","4","सात्रायण-ब्राह्मणम्"
"4","12","12","1","7","2","5","सात्रायण-ब्राह्मणम्"
"4","12","13","1","7","2","6","सात्रायण-ब्राह्मणम्"
"4","12","14","1","7","2","7","सात्रायण-ब्राह्मणम्"
"4","12","15","1","7","2","8","सात्रायण-ब्राह्मणम्"
"4","12","16","1","7","2","9","सात्रायण-ब्राह्मणम्"
"4","12","17","1","7","2","10","सात्रायण-ब्राह्मणम्"
"4","12","18","1","7","3","1","सात्रायण-ब्राह्मणम्"
"4","12","19","1","7","3","2","सात्रायण-ब्राह्मणम्"
"4","12","20","1","7","3","3","सात्रायण-ब्राह्मणम्"
"4","12","21","1","7","3","4","सात्रायण-ब्राह्मणम्"
"4","12","22","1","7","3","5","सात्रायण-ब्राह्मणम्"
"4","12","23","1","7","3","6","सात्रायण-ब्राह्मणम्"
"4","12","24","1","7","3","7","सात्रायण-ब्राह्मणम्"
"4","12","25","1","7","3","8","सात्रायण-ब्राह्मणम्"
"4","12","26","1","7","3","9","सात्रायण-ब्राह्मणम्"
"4","12","27","1","7","3","10","सात्रायण-ब्राह्मणम्"
"4","12","28","1","7","4","1","सात्रायण-ब्राह्मणम्"
"4","12","29","1","7","4","2","सात्रायण-ब्राह्मणम्"
"4","12","30","1","7","4","3","सात्रायण-ब्राह्मणम्"
"4","12","31","1","7","4","4","सात्रायण-ब्राह्मणम्"
"4","12","32","1","7","4","5","सात्रायण-ब्राह्मणम्"
"4","12","33","1","7","4","6","सात्रायण-ब्राह्मणम्"
"4","12","34","1","7","4","7","सात्रायण-ब्राह्मणम्"
"4","12","35","1","7","4","8","सात्रायण-ब्राह्मणम्"
"4","12","36","1","7","4","9","सात्रायण-ब्राह्मणम्"
"4","12","37","1","7","4","10","सात्रायण-ब्राह्मणम्"
"4","12","38","1","7","4","11","सात्रायण-ब्राह्मणम्"
"4","12","39","1","7","5","1","सात्रायण-ब्राह्मणम्"
"4","12","40","1","7","5","2","सात्रायण-ब्राह्मणम्"
"4","12","41","1","7","5","3","सात्रायण-ब्राह्मणम्"
"4","12","42","1","7","5","4","सात्रायण-ब्राह्मणम्"
"4","12","43","1","7","5","5","सात्रायण-ब्राह्मणम्"
"4","12","44","1","7","5","6","सात्रायण-ब्राह्मणम्"
"4","12","45","1","7","5","7","सात्रायण-ब्राह्मणम्"
"4","12","46","1","7","5","8","सात्रायण-ब्राह्मणम्"
"4","12","47","1","7","5","9","सात्रायण-ब्राह्मणम्"
"4","12","48","1","7","5","10","सात्रायण-ब्राह्मणम्"
"4","12","49","2","1","2","2","सात्रायण-ब्राह्मणम्"
"4","12","50","2","1","2","3","सात्रायण-ब्राह्मणम्"
"4","12","51","2","1","2","4","सात्रायण-ब्राह्मणम्"
"4","12","52","2","1","2","5","सात्रायण-ब्राह्मणम्"
"4","12","53","2","1","2","6","सात्रायण-ब्राह्मणम्"
"4","12","54","2","1","4","5","सात्रायण-ब्राह्मणम्"
"4","12","55","2","1","4","6","सात्रायण-ब्राह्मणम्"
"4","12","56","2","1","4","7","सात्रायण-ब्राह्मणम्"
"4","13","1","2","2","4","1","उपहोमाः"
"4","13","2","2","2","4","2","उपहोमाः"
"4","13","3","2","2","4","3","उपहोमाः"
"4","13","4","2","2","4","4","उपहोमाः"
"4","13","5","2","2","4","5","उपहोमाः"
"4","13","6","2","2","4","6","उपहोमाः"
"4","13","7","2","2","4","7","उपहोमाः"
"4","13","8","2","2","4","8","उपहोमाः"
"4","13","9","2","2","5","1","उपहोमाः"
"4","13","10","2","2","5","2","उपहोमाः"
"4","13","11","2","2","5","3","उपहोमाः"
"4","13","12","2","2","5","4","उपहोमाः"
"4","13","13","2","2","5","5","उपहोमाः"
"4","13","14","2","2","5","6","उपहोमाः"
"4","13","15","2","2","5","7","उपहोमाः"
"4","13","16","2","2","5","8","उपहोमाः"
"4","14","1","2","2","6","1","कौलिकी (कौकिली)"
"4","14","2","2","2","6","2","कौलिकी (कौकिली)"
"4","14","3","2","2","6","3","कौलिकी (कौकिली)"
"4","14","4","2","2","6","4","कौलिकी (कौकिली)"
"4","14","5","2","2","6","5","कौलिकी (कौकिली)"
"4","14","6","2","2","6","6","कौलिकी (कौकिली)"
"4","14","7","2","2","6","7","कौलिकी (कौकिली)"
"4","14","8","2","2","6","8","कौलिकी (कौकिली)"
"4","14","9","2","2","6","9","कौलिकी (कौकिली)"
"4","14","10","2","2","6","10","कौलिकी (कौकिली)"
"4","14","11","2","2","6","11","कौलिकी (कौकिली)"
"4","14","12","2","2","6","12","कौलिकी (कौकिली)"
"4","14","13","2","2","6","13","कौलिकी (कौकिली)"
"4","14","14","2","2","6","14","कौलिकी (कौकिली)"
"4","14","15","2","2","6","15","कौलिकी (कौकिली)"
"4","14","16","2","2","6","16","कौलिकी (कौकिली)"
"4","14","17","2","2","6","17","कौलिकी (कौकिली)"
"4","14","18","2","2","6","18","कौलिकी (कौकिली)"
"4","14","19","2","2","6","19","कौलिकी (कौकिली)"
"4","14","20","2","2","6","20","कौलिकी (कौकिली)"
"4","14","21","2","1","4","2","कौलिकी (कौकिली)"
"4","15","1","2","2","8","1","सूक्तानि"
"4","15","2","2","2","8","2","सूक्तानि"
"4","15","3","2","2","8","3","सूक्तानि"
"4","15","4","2","2","8","4","सूक्तानि"
"4","15","5","2","2","8","5","सूक्तानि"
"4","15","6","2","2","8","6","सूक्तानि"
"4","15","7","2","2","8","7","सूक्तानि"
"4","15","8","2","2","8","8","सूक्तानि"
"4","15","9","3","3","14","0","सूक्तानि"
"4","15","10","3","3","15","0","सूक्तानि"
"4","15","11","2","2","8","9","सूक्तानि"
"4","16","1","1","3","1","1","औपानुवाक्यम् (मन्त्र-ब्राह्मणात्मकम्)"
"4","16","2","1","3","1","2","औपानुवाक्यम् (मन्त्र-ब्राह्मणात्मकम्)"
"4","16","3","1","3","1","3","औपानुवाक्यम् (मन्त्र-ब्राह्मणात्मकम्)"
"4","16","4","1","3","1","4","औपानुवाक्यम् (मन्त्र-ब्राह्मणात्मकम्)"
"4","16","5","1","3","1","5","औपानुवाक्यम् (मन्त्र-ब्राह्मणात्मकम्)"
"4","16","6","1","3","1","6","औपानुवाक्यम् (मन्त्र-ब्राह्मणात्मकम्)"
"4","16","7","1","3","1","7","औपानुवाक्यम् (मन्त्र-ब्राह्मणात्मकम्)"
"4","16","8","1","3","1","8","औपानुवाक्यम् (मन्त्र-ब्राह्मणात्मकम्)"
"4","16","9","1","3","1","9","औपानुवाक्यम् (मन्त्र-ब्राह्मणात्मकम्)"
"4","16","10","1","3","1","10","औपानुवाक्यम् (मन्त्र-ब्राह्मणात्मकम्)"
"4","16","11","1","3","2","1","औपानुवाक्यम् (मन्त्र-ब्राह्मणात्मकम्)"
"4","16","12","1","3","2","2","औपानुवाक्यम् (मन्त्र-ब्राह्मणात्मकम्)"
"4","16","13","1","3","2","3","औपानुवाक्यम् (मन्त्र-ब्राह्मणात्मकम्)"
"4","16","14","1","3","2","4","औपानुवाक्यम् (मन्त्र-ब्राह्मणात्मकम्)"
"4","16","15","1","3","2","5","औपानुवाक्यम् (मन्त्र-ब्राह्मणात्मकम्)"
"4","16","16","1","3","2","6","औपानुवाक्यम् (मन्त्र-ब्राह्मणात्मकम्)"
"4","16","17","1","3","2","7","औपानुवाक्यम् (मन्त्र-ब्राह्मणात्मकम्)"
"4","16","18","1","3","2","8","औपानुवाक्यम् (मन्त्र-ब्राह्मणात्मकम्)"
"4","16","19","1","3","2","9","औपानुवाक्यम् (मन्त्र-ब्राह्मणात्मकम्)"
"4","16","20","1","3","2","10","औपानुवाक्यम् (मन्त्र-ब्राह्मणात्मकम्)"
"4","16","21","1","3","3","1","औपानुवाक्यम् (मन्त्र-ब्राह्मणात्मकम्)"
"4","16","22","1","3","3","2","औपानुवाक्यम् (मन्त्र-ब्राह्मणात्मकम्)"
"4","16","23","1","3","3","3","औपानुवाक्यम् (मन्त्र-ब्राह्मणात्मकम्)"
"4","16","24","1","3","3","4","औपानुवाक्यम् (मन्त्र-ब्राह्मणात्मकम्)"
"4","16","25","1","3","3","5","औपानुवाक्यम् (मन्त्र-ब्राह्मणात्मकम्)"
"4","16","26","1","3","3","6","औपानुवाक्यम् (मन्त्र-ब्राह्मणात्मकम्)"
"4","16","27","1","3","3","7","औपानुवाक्यम् (मन्त्र-ब्राह्मणात्मकम्)"
"4","16","28","1","3","3","8","औपानुवाक्यम् (मन्त्र-ब्राह्मणात्मकम्)"
"4","16","29","1","3","3","9","औपानुवाक्यम् (मन्त्र-ब्राह्मणात्मकम्)"
"4","16","30","1","3","3","10","औपानुवाक्यम् (मन्त्र-ब्राह्मणात्मकम्)"
"4","16","31","1","3","4","1","औपानुवाक्यम् (मन्त्र-ब्राह्मणात्मकम्)"
"4","16","32","1","3","4","2","औपानुवाक्यम् (मन्त्र-ब्राह्मणात्मकम्)"
"4","16","33","1","3","4","3","औपानुवाक्यम् (मन्त्र-ब्राह्मणात्मकम्)"
"4","16","34","1","3","4","4","औपानुवाक्यम् (मन्त्र-ब्राह्मणात्मकम्)"
"4","16","35","1","3","4","5","औपानुवाक्यम् (मन्त्र-ब्राह्मणात्मकम्)"
"4","16","36","1","3","4","6","औपानुवाक्यम् (मन्त्र-ब्राह्मणात्मकम्)"
"4","16","37","1","3","4","7","औपानुवाक्यम् (मन्त्र-ब्राह्मणात्मकम्)"
"4","16","38","1","3","4","8","औपानुवाक्यम् (मन्त्र-ब्राह्मणात्मकम्)"
"4","16","39","1","3","4","9","औपानुवाक्यम् (मन्त्र-ब्राह्मणात्मकम्)"
"4","16","40","1","3","4","10","औपानुवाक्यम् (मन्त्र-ब्राह्मणात्मकम्)"
"4","16","41","1","3","5","1","औपानुवाक्यम् (मन्त्र-ब्राह्मणात्मकम्)"
"4","16","42","1","3","5","2","औपानुवाक्यम् (मन्त्र-ब्राह्मणात्मकम्)"
"4","16","43","1","3","5","3","औपानुवाक्यम् (मन्त्र-ब्राह्मणात्मकम्)"
"4","16","44","1","3","5","4","औपानुवाक्यम् (मन्त्र-ब्राह्मणात्मकम्)"
"4","16","45","1","3","5","5","औपानुवाक्यम् (मन्त्र-ब्राह्मणात्मकम्)"
"4","16","46","1","3","5","6","औपानुवाक्यम् (मन्त्र-ब्राह्मणात्मकम्)"
"4","16","47","1","3","5","7","औपानुवाक्यम् (मन्त्र-ब्राह्मणात्मकम्)"
"4","16","48","1","3","5","8","औपानुवाक्यम् (मन्त्र-ब्राह्मणात्मकम्)"
"4","16","49","1","3","5","9","औपानुवाक्यम् (मन्त्र-ब्राह्मणात्मकम्)"
"4","16","50","1","3","5","10","औपानुवाक्यम् (मन्त्र-ब्राह्मणात्मकम्)"
"4","17","1","1","1","1","14","याज्याः"
"4","17","2","1","1","2","14","याज्याः"
"4","17","3","1","1","3","14","याज्याः"
"4","17","4","1","1","4","46","याज्याः"
"4","17","5","1","1","5","11","याज्याः"
"4","17","6","1","1","6","12","याज्याः"
"4","17","7","1","1","7","13","याज्याः"
"4","17","8","1","1","8","22","याज्याः"
"4","17","9","1","2","1","11","याज्याः"
"4","17","10","1","2","2","12","याज्याः"
"4","17","11","1","2","3","14","याज्याः"
"4","17","12","1","2","4","14","याज्याः"
"4","17","13","1","2","5","12","याज्याः"
"4","17","14","1","2","6","11","याज्याः"
"4","17","15","1","2","6","12","याज्याः"
"4","17","16","1","3","1","11","याज्याः"
"4","17","17","1","3","2","11","याज्याः"
"4","17","18","1","3","3","11","याज्याः"
"4","17","19","1","3","4","11","याज्याः"
"4","17","20","1","3","5","11","याज्याः"
"4","17","21","1","4","1","11","याज्याः"
"4","17","22","1","4","2","11","याज्याः"
"4","17","23","1","4","3","13","याज्याः"
"4","18","1","1","7","1","11","अश्वमेधः"
"4","18","2","1","7","1","12","अश्वमेधः"
"4","18","3","1","7","1","13","अश्वमेधः"
"4","18","4","1","7","1","14","अश्वमेधः"
"4","18","5","1","7","1","15","अश्वमेधः"
"4","18","6","1","7","1","16","अश्वमेधः"
"4","18","7","1","7","1","17","अश्वमेधः"
"4","18","8","1","7","1","18","अश्वमेधः"
"4","18","9","1","7","1","19","अश्वमेधः"
"4","18","10","1","7","1","20","अश्वमेधः"
"4","18","11","1","7","2","11","अश्वमेधः"
"4","18","12","1","7","2","12","अश्वमेधः"
"4","18","13","1","7","2","13","अश्वमेधः"
"4","18","14","1","7","2","14","अश्वमेधः"
"4","18","15","1","7","2","15","अश्वमेधः"
"4","18","16","1","7","2","16","अश्वमेधः"
"4","18","17","1","7","2","17","अश्वमेधः"
"4","18","18","1","7","2","18","अश्वमेधः"
"4","18","19","1","7","2","19","अश्वमेधः"
"4","18","20","1","7","2","20","अश्वमेधः"
"4","18","21","1","7","3","11","अश्वमेधः"
"4","18","22","1","7","3","12","अश्वमेधः"
"4","18","23","1","7","3","13","अश्वमेधः"
"4","18","24","1","7","3","14","अश्वमेधः"
"4","18","25","1","7","3","15","अश्वमेधः"
"4","18","26","1","7","3","16","अश्वमेधः"
"4","18","27","1","7","3","17","अश्वमेधः"
"4","18","28","1","7","3","18","अश्वमेधः"
"4","18","29","1","7","3","19","अश्वमेधः"
"4","18","30","1","7","3","20","अश्वमेधः"
"4","18","31","1","7","4","12","अश्वमेधः"
"4","18","32","1","7","4","13","अश्वमेधः"
"4","18","33","1","7","4","14","अश्वमेधः"
"4","18","34","1","7","4","15","अश्वमेधः"
"4","18","35","1","7","4","16","अश्वमेधः"
"4","18","36","1","7","4","17","अश्वमेधः"
"4","18","37","1","7","4","18","अश्वमेधः"
"4","18","38","1","7","4","19","अश्वमेधः"
"4","18","39","1","7","4","20","अश्वमेधः"
"4","18","40","1","7","4","21","अश्वमेधः"
"4","18","41","1","7","4","22","अश्वमेधः"
"4","18","42","1","7","5","11","अश्वमेधः"
"4","18","43","1","7","5","12","अश्वमेधः"
"4","18","44","1","7","5","13","अश्वमेधः"
"4","18","45","1","7","5","16","अश्वमेधः"
"4","18","46","1","7","5","17","अश्वमेधः"
"4","18","47","1","7","5","18","अश्वमेधः"
"4","18","48","1","7","5","19","अश्वमेधः"
"4","18","49","1","7","5","20","अश्वमेधः"
"4","18","50","1","7","5","23","अश्वमेधः"
"4","18","51","1","7","5","24","अश्वमेधः"
"4","18","52","1","4","4","12","अश्वमेधः"
"4","18","53","1","4","6","6","अश्वमेधः"
"4","18","54","1","4","6","7","अश्वमेधः"
"4","18","55","1","4","6","8","अश्वमेधः"
"4","18","56","1","4","6","9","अश्वमेधः"
"4","18","57","1","4","7","15","अश्वमेधः"
"4","18","58","1","5","1","11","अश्वमेधः"
"4","18","59","1","5","2","11","अश्वमेधः"
"4","18","60","1","5","2","12","अश्वमेधः"
"4","18","61","1","5","7","11","अश्वमेधः"
"4","18","62","1","5","7","12","अश्वमेधः"
"4","18","63","1","5","7","13","अश्वमेधः"
"4","18","64","1","5","7","14","अश्वमेधः"
"4","18","65","1","5","7","15","अश्वमेधः"
"4","18","66","1","5","7","16","अश्वमेधः"
"4","18","67","1","5","7","17","अश्वमेधः"
"4","18","68","1","5","7","18","अश्वमेधः"
"4","18","69","1","5","7","19","अश्वमेधः"
"4","18","70","1","5","7","20","अश्वमेधः"
"4","18","71","1","5","7","21","अश्वमेधः"
"4","18","72","1","5","7","22","अश्वमेधः"
"4","18","73","1","5","7","23","अश्वमेधः"
"4","18","74","3","3","20","0","अश्वमेधः"
"4","18","75","3","3","21","0","अश्वमेधः"
"4","18","76","1","5","7","24","अश्वमेधः"
"4","18","77","1","5","7","25","अश्वमेधः"
"4","18","78","1","5","7","26","अश्वमेधः"
"4","19","1","2","3","8","1","अश्वमेध-ब्राह्मणम्"
"4","19","2","2","3","8","2","अश्वमेध-ब्राह्मणम्"
"4","19","3","2","3","8","3","अश्वमेध-ब्राह्मणम्"
"4","19","4","2","3","8","4","अश्वमेध-ब्राह्मणम्"
"4","19","5","2","3","8","5","अश्वमेध-ब्राह्मणम्"
"4","19","6","2","3","8","6","अश्वमेध-ब्राह्मणम्"
"4","19","7","2","3","8","7","अश्वमेध-ब्राह्मणम्"
"4","19","8","2","3","8","8","अश्वमेध-ब्राह्मणम्"
"4","19","9","2","3","8","9","अश्वमेध-ब्राह्मणम्"
"4","19","10","2","3","8","10","अश्वमेध-ब्राह्मणम्"
"4","19","11","2","3","8","11","अश्वमेध-ब्राह्मणम्"
"4","19","12","2","3","8","12","अश्वमेध-ब्राह्मणम्"
"4","19","13","2","3","8","13","अश्वमेध-ब्राह्मणम्"
"4","19","14","2","3","8","14","अश्वमेध-ब्राह्मणम्"
"4","19","15","2","3","8","15","अश्वमेध-ब्राह्मणम्"
"4","19","16","2","3","8","16","अश्वमेध-ब्राह्मणम्"
"4","19","17","2","3","8","17","अश्वमेध-ब्राह्मणम्"
"4","19","18","2","3","8","18","अश्वमेध-ब्राह्मणम्"
"4","19","19","2","3","8","19","अश्वमेध-ब्राह्मणम्"
"4","19","20","2","3","8","20","अश्वमेध-ब्राह्मणम्"
"4","19","21","2","3","8","21","अश्वमेध-ब्राह्मणम्"
"4","19","22","2","3","8","22","अश्वमेध-ब्राह्मणम्"
"4","19","23","2","3","8","23","अश्वमेध-ब्राह्मणम्"
"4","19","24","2","3","9","1","अश्वमेध-ब्राह्मणम्"
"4","19","25","2","3","9","2","अश्वमेध-ब्राह्मणम्"
"4","19","26","2","3","9","3","अश्वमेध-ब्राह्मणम्"
"4","19","27","2","3","9","4","अश्वमेध-ब्राह्मणम्"
"4","19","28","2","3","9","5","अश्वमेध-ब्राह्मणम्"
"4","19","29","2","3","9","6","अश्वमेध-ब्राह्मणम्"
"4","19","30","2","3","9","7","अश्वमेध-ब्राह्मणम्"
"4","19","31","2","3","9","8","अश्वमेध-ब्राह्मणम्"
"4","19","32","2","3","9","9","अश्वमेध-ब्राह्मणम्"
"4","19","33","2","3","9","10","अश्वमेध-ब्राह्मणम्"
"4","19","34","2","3","9","11","अश्वमेध-ब्राह्मणम्"
"4","19","35","2","3","9","12","अश्वमेध-ब्राह्मणम्"
"4","19","36","2","3","9","13","अश्वमेध-ब्राह्मणम्"
"4","19","37","2","3","9","14","अश्वमेध-ब्राह्मणम्"
"4","19","38","2","3","9","15","अश्वमेध-ब्राह्मणम्"
"4","19","39","2","3","9","16","अश्वमेध-ब्राह्मणम्"
"4","19","40","2","3","9","17","अश्वमेध-ब्राह्मणम्"
"4","19","41","2","3","9","18","अश्वमेध-ब्राह्मणम्"
"4","19","42","2","3","9","19","अश्वमेध-ब्राह्मणम्"
"4","19","43","2","3","9","20","अश्वमेध-ब्राह्मणम्"
"4","19","44","2","3","9","21","अश्वमेध-ब्राह्मणम्"
"4","19","45","2","3","9","22","अश्वमेध-ब्राह्मणम्"
"4","19","46","2","3","9","23","अश्वमेध-ब्राह्मणम्"
"4","19","47","1","5","5","11","अश्वमेध-ब्राह्मणम्"
"4","19","48","1","5","5","12","अश्वमेध-ब्राह्मणम्"
"4","19","49","1","5","5","13","अश्वमेध-ब्राह्मणम्"
"4","19","50","1","5","5","14","अश्वमेध-ब्राह्मणम्"
"4","19","51","1","5","5","15","अश्वमेध-ब्राह्मणम्"
"4","19","52","1","5","5","16","अश्वमेध-ब्राह्मणम्"
"4","19","53","1","5","5","17","अश्वमेध-ब्राह्मणम्"
"4","19","54","1","5","5","18","अश्वमेध-ब्राह्मणम्"
"4","19","55","1","5","5","19","अश्वमेध-ब्राह्मणम्"
"4","19","56","1","5","5","20","अश्वमेध-ब्राह्मणम्"
"4","19","57","1","5","5","21","अश्वमेध-ब्राह्मणम्"
"4","19","58","1","5","5","22","अश्वमेध-ब्राह्मणम्"
"4","19","59","1","5","5","23","अश्वमेध-ब्राह्मणम्"
"4","19","60","1","5","5","24","अश्वमेध-ब्राह्मणम्"
"4","19","61","1","5","6","11","अश्वमेध-ब्राह्मणम्"
"4","19","62","1","5","6","12","अश्वमेध-ब्राह्मणम्"
"4","19","63","1","5","6","13","अश्वमेध-ब्राह्मणम्"
"4","19","64","1","5","6","14","अश्वमेध-ब्राह्मणम्"
"4","19","65","1","5","6","15","अश्वमेध-ब्राह्मणम्"
"4","19","66","1","5","6","16","अश्वमेध-ब्राह्मणम्"
"4","19","67","1","5","6","17","अश्वमेध-ब्राह्मणम्"
"4","19","68","1","5","6","18","अश्वमेध-ब्राह्मणम्"
"4","19","69","1","5","6","19","अश्वमेध-ब्राह्मणम्"
"4","19","70","1","5","6","20","अश्वमेध-ब्राह्मणम्"
"4","19","71","1","5","6","21","अश्वमेध-ब्राह्मणम्"
"4","19","72","1","5","6","22","अश्वमेध-ब्राह्मणम्"
"4","19","73","1","5","6","23","अश्वमेध-ब्राह्मणम्"
"4","19","74","1","5","3","12","अश्वमेध-ब्राह्मणम्"
"4","19","75","1","5","4","12","अश्वमेध-ब्राह्मणम्"
"4","19","76","1","7","5","14","अश्वमेध-ब्राह्मणम्"
"4","19","77","1","7","5","15","अश्वमेध-ब्राह्मणम्"
"4","19","78","1","7","5","21","अश्वमेध-ब्राह्मणम्"
"4","19","79","1","7","5","22","अश्वमेध-ब्राह्मणम्"
"4","19","80","1","7","5","25","अश्वमेध-ब्राह्मणम्"
"4","20","1","2","3","4","1","पुरुषमेध-ब्राह्मणम्"
"4","20","2","2","3","4","2","पुरुषमेध-ब्राह्मणम्"
"4","20","3","2","3","4","3","पुरुषमेध-ब्राह्मणम्"
"4","20","4","2","3","4","4","पुरुषमेध-ब्राह्मणम्"
"4","20","5","2","3","4","5","पुरुषमेध-ब्राह्मणम्"
"4","20","6","2","3","4","6","पुरुषमेध-ब्राह्मणम्"
"4","20","7","2","3","4","7","पुरुषमेध-ब्राह्मणम्"
"4","20","8","2","3","4","8","पुरुषमेध-ब्राह्मणम्"
"4","20","9","2","3","4","9","पुरुषमेध-ब्राह्मणम्"
"4","20","10","2","3","4","10","पुरुषमेध-ब्राह्मणम्"
"4","20","11","2","3","4","11","पुरुषमेध-ब्राह्मणम्"
"4","20","12","2","3","4","12","पुरुषमेध-ब्राह्मणम्"
"4","20","13","2","3","4","13","पुरुषमेध-ब्राह्मणम्"
"4","20","14","2","3","4","14","पुरुषमेध-ब्राह्मणम्"
"4","20","15","2","3","4","15","पुरुषमेध-ब्राह्मणम्"
"4","20","16","2","3","4","16","पुरुषमेध-ब्राह्मणम्"
"4","20","17","2","3","4","17","पुरुषमेध-ब्राह्मणम्"
"4","20","18","2","3","4","18","पुरुषमेध-ब्राह्मणम्"
"4","20","19","2","3","4","19","पुरुषमेध-ब्राह्मणम्"
"4","21","1","1","1","8","21","सौत्रामणी"
"4","22","1","2","1","8","5","सौत्रामणी-ब्राह्मणम्"
"4","22","2","2","1","8","6","सौत्रामणी-ब्राह्मणम्"
"4","23","1","2","3","7","4","अच्छिद्राणि"
"4","23","2","2","3","7","5","अच्छिद्राणि"
"4","23","3","2","3","7","6","अच्छिद्राणि"
"4","23","4","2","3","7","7","अच्छिद्राणि"
"4","23","5","2","3","7","8","अच्छिद्राणि"
"4","23","6","2","3","7","9","अच्छिद्राणि"
"4","23","7","2","3","7","10","अच्छिद्राणि"
"4","23","8","2","3","7","11","अच्छिद्राणि"
"4","23","9","2","3","7","12","अच्छिद्राणि"
"4","23","10","2","3","7","13","अच्छिद्राणि"
"4","23","11","2","3","7","14","अच्छिद्राणि"
"4","24","1","2","3","7","1","अच्छिद्र-ब्राह्मणम्"
"4","24","2","2","3","7","2","अच्छिद्र-ब्राह्मणम्"
"4","24","3","2","3","7","3","अच्छिद्र-ब्राह्मणम्"
"4","25","1","2","3","6","1","पशुहौत्रम्"
"4","25","2","2","3","6","2","पशुहौत्रम्"
"4","25","3","2","3","6","3","पशुहौत्रम्"
"4","25","4","2","3","6","4","पशुहौत्रम्"
"4","25","5","2","3","6","5","पशुहौत्रम्"
"4","25","6","2","3","6","6","पशुहौत्रम्"
"4","25","7","2","3","6","7","पशुहौत्रम्"
"4","25","8","2","3","6","8","पशुहौत्रम्"
"4","25","9","2","3","6","9","पशुहौत्रम्"
"4","25","10","2","3","6","10","पशुहौत्रम्"
"4","25","11","2","3","6","11","पशुहौत्रम्"
"4","25","12","2","3","6","12","पशुहौत्रम्"
"4","25","13","2","3","6","13","पशुहौत्रम्"
"4","25","14","2","3","6","14","पशुहौत्रम्"
"4","25","15","2","3","6","15","पशुहौत्रम्"
"4","26","1","3","5","1","0","उपनिषद्"
"4","26","2","3","5","3","0","उपनिषद्"
"4","26","3","3","5","4","0","उपनिषद्"
"4","26","4","3","5","10","0","उपनिषद्"
"4","26","5","3","5","12","0","उपनिषद्"
"4","26","6","3","5","13","0","उपनिषद्"
"4","26","7","3","6","1","0","उपनिषद्"
"4","26","8","3","6","2","0","उपनिषद्"
"4","26","9","3","6","3","0","उपनिषद्"
"4","26","10","3","6","4","0","उपनिषद्"
"4","26","11","3","6","5","0","उपनिषद्"
"4","26","12","3","6","6","0","उपनिषद्"
"4","26","13","3","6","7","0","उपनिषद्"
"4","26","14","3","6","8","0","उपनिषद्"
"4","26","15","3","6","10","0","उपनिषद्"
"4","26","16","3","6","11","0","उपनिषद्"
"4","26","17","3","6","12","0","उपनिषद्"
"4","26","18","3","6","15","0","उपनिषद्"
"4","26","19","3","6","16","0","उपनिषद्"
"4","26","20","3","6","17","0","उपनिषद्"
"4","26","21","3","6","18","0","उपनिषद्"
"4","26","22","3","6","20","0","उपनिषद्"
"4","26","23","3","6","21","0","उपनिषद्"
"4","26","24","3","6","22","0","उपनिषद्"
"4","26","25","3","6","23","0","उपनिषद्"
"4","26","26","3","6","24","0","उपनिषद्"
"4","26","27","3","6","25","0","उपनिषद्"
"4","26","28","3","6","26","0","उपनिषद्"
"4","26","29","3","6","27","0","उपनिषद्"
"4","26","30","3","6","28","0","उपनिषद्"
"4","26","31","3","6","29","0","उपनिषद्"
"4","26","32","3","6","30","0","उपनिषद्"
"4","26","33","3","6","31","0","उपनिषद्"
"4","26","34","3","6","32","0","उपनिषद्"
"4","26","35","3","6","33","0","उपनिषद्"
"4","26","36","3","6","34","0","उपनिषद्"
"4","26","37","3","6","35","0","उपनिषद्"
"4","26","38","3","6","36","0","उपनिषद्"
"4","26","39","3","6","37","0","उपनिषद्"
"4","26","40","3","6","38","0","उपनिषद्"
"4","26","41","3","6","39","0","उपनिषद्"
"4","26","42","3","6","40","0","उपनिषद्"
"4","26","43","3","6","41","0","उपनिषद्"
"4","26","44","3","6","42","0","उपनिषद्"
"4","26","45","3","6","43","0","उपनिषद्"
"4","26","46","3","6","44","0","उपनिषद्"
"4","26","47","3","6","45","0","उपनिषद्"
"4","26","48","3","6","46","0","उपनिषद्"
"4","26","49","3","6","47","0","उपनिषद्"
"4","26","50","3","6","48","0","उपनिषद्"
"4","26","51","3","6","49","0","उपनिषद्"
"4","26","52","3","6","50","0","उपनिषद्"
"4","26","53","3","6","51","0","उपनिषद्"
"4","26","54","3","6","52","0","उपनिषद्"
"4","26","55","3","6","53","0","उपनिषद्"
"4","26","56","3","6","54","0","उपनिषद्"
"4","26","57","3","6","55","0","उपनिषद्"
"4","26","58","3","6","56","0","उपनिषद्"
"4","26","59","3","6","57","0","उपनिषद्"
"4","26","60","3","6","58","0","उपनिषद्"
"4","26","61","3","6","59","0","उपनिषद्"
"4","26","62","3","6","60","0","उपनिषद्"
"4","26","63","3","6","61","0","उपनिषद्"
"4","27","1","3","5","2","0","उपनिषद्-ब्राह्मणम्"
"4","27","2","3","5","5","0","उपनिषद्-ब्राह्मणम्"
"4","27","3","3","5","6","0","उपनिषद्-ब्राह्मणम्"
"4","27","4","3","5","7","0","उपनिषद्-ब्राह्मणम्"
"4","27","5","3","5","8","0","उपनिषद्-ब्राह्मणम्"
"4","27","6","3","5","9","0","उपनिषद्-ब्राह्मणम्"
"4","27","7","3","5","11","0","उपनिषद्-ब्राह्मणम्"
"4","27","8","3","5","14","0","उपनिषद्-ब्राह्मणम्"
"4","27","9","3","5","15","0","उपनिषद्-ब्राह्मणम्"
"4","27","10","3","6","9","0","उपनिषद्-ब्राह्मणम्"
"4","27","11","3","6","13","0","उपनिषद्-ब्राह्मणम्"
"4","27","12","3","6","14","0","उपनिषद्-ब्राह्मणम्"
"4","27","13","3","6","19","0","उपनिषद्-ब्राह्मणम्"
"4","27","14","3","6","62","0","उपनिषद्-ब्राह्मणम्"
"4","27","15","3","6","63","0","उपनिषद्-ब्राह्मणम्"
"4","27","16","3","6","64","0","उपनिषद्-ब्राह्मणम्"
"4","28","1","4","1","1","0","एकाग्नि-काण्डः"
"4","28","2","4","1","2","0","एकाग्नि-काण्डः"
"4","28","3","4","1","3","0","एकाग्नि-काण्डः"
"4","28","4","4","1","4","0","एकाग्नि-काण्डः"
"4","28","5","4","1","5","0","एकाग्नि-काण्डः"
"4","28","6","4","1","6","0","एकाग्नि-काण्डः"
"4","28","7","4","1","7","0","एकाग्नि-काण्डः"
"4","28","8","4","1","8","0","एकाग्नि-काण्डः"
"4","28","9","4","1","9","0","एकाग्नि-काण्डः"
"4","28","10","4","1","10","0","एकाग्नि-काण्डः"
"4","28","11","4","1","11","0","एकाग्नि-काण्डः"
"4","28","12","4","1","12","0","एकाग्नि-काण्डः"
"4","28","13","4","1","13","0","एकाग्नि-काण्डः"
"4","28","14","4","1","14","0","एकाग्नि-काण्डः"
"4","28","15","4","1","15","0","एकाग्नि-काण्डः"
"4","28","16","4","1","16","0","एकाग्नि-काण्डः"
"4","28","17","4","1","17","0","एकाग्नि-काण्डः"
"4","28","18","4","1","18","0","एकाग्नि-काण्डः"
"4","28","19","4","2","1","0","एकाग्नि-काण्डः"
"4","28","20","4","2","2","0","एकाग्नि-काण्डः"
"4","28","21","4","2","3","0","एकाग्नि-काण्डः"
"4","28","22","4","2","4","0","एकाग्नि-काण्डः"
"4","28","23","4","2","5","0","एकाग्नि-काण्डः"
"4","28","24","4","2","6","0","एकाग्नि-काण्डः"
"4","28","25","4","2","7","0","एकाग्नि-काण्डः"
"4","28","26","4","2","8","0","एकाग्नि-काण्डः"
"4","28","27","4","2","9","0","एकाग्नि-काण्डः"
"4","28","28","4","2","10","0","एकाग्नि-काण्डः"
"4","28","29","4","2","11","0","एकाग्नि-काण्डः"
"4","28","30","4","2","12","0","एकाग्नि-काण्डः"
"4","28","31","4","2","13","0","एकाग्नि-काण्डः"
"4","28","32","4","2","14","0","एकाग्नि-काण्डः"
"4","28","33","4","2","15","0","एकाग्नि-काण्डः"
"4","28","34","4","2","16","0","एकाग्नि-काण्डः"
"4","28","35","4","2","17","0","एकाग्नि-काण्डः"
"4","28","36","4","2","18","0","एकाग्नि-काण्डः"
"4","28","37","4","2","19","0","एकाग्नि-काण्डः"
"4","28","38","4","2","20","0","एकाग्नि-काण्डः"
"4","28","39","4","2","21","0","एकाग्नि-काण्डः"
"4","28","40","4","2","22","0","एकाग्नि-काण्डः"
"5","1","1","3","2","3","0","स्वाध्यायः"
"5","1","2","3","2","4","0","स्वाध्यायः"
"5","1","3","3","2","5","0","स्वाध्यायः"
"5","1","4","3","2","6","0","स्वाध्यायः"
"5","1","5","3","2","19","0","स्वाध्यायः"
"5","2","1","3","2","1","0","स्वाध्याय-ब्राह्मणम्"
"5","2","2","3","2","2","0","स्वाध्याय-ब्राह्मणम्"
"5","2","3","3","2","7","0","स्वाध्याय-ब्राह्मणम्"
"5","2","4","3","2","8","0","स्वाध्याय-ब्राह्मणम्"
"5","2","5","3","2","9","0","स्वाध्याय-ब्राह्मणम्"
"5","2","6","3","2","10","0","स्वाध्याय-ब्राह्मणम्"
"5","2","7","3","2","11","0","स्वाध्याय-ब्राह्मणम्"
"5","2","8","3","2","12","0","स्वाध्याय-ब्राह्मणम्"
"5","2","9","3","2","13","0","स्वाध्याय-ब्राह्मणम्"
"5","2","10","3","2","14","0","स्वाध्याय-ब्राह्मणम्"
"5","2","11","3","2","15","0","स्वाध्याय-ब्राह्मणम्"
"5","2","12","3","2","16","0","स्वाध्याय-ब्राह्मणम्"
"5","2","13","3","2","17","0","स्वाध्याय-ब्राह्मणम्"
"5","2","14","3","2","18","0","स्वाध्याय-ब्राह्मणम्"
"","anuvAkAH","1260","","","","970",""
"","","","","","","mantra-anuvAka","686"